{"cameraMode":{"drawMode":0,"name":"Shaded","section":"Shading Mode"},"sceneLighting":true,"audioPlay":false,"sceneViewState":{"m_AlwaysRefresh":false,"showFog":true,"showSkybox":true,"showFlares":true,"showImageEffects":true,"showParticleSystems":true,"showVisualEffectGraphs":true,"m_FxEnabled":true},"in2DMode":false,"pivot":{"x":12.352310180664063,"y":3.1298577785491945,"z":-18.995895385742189},"rotation":{"x":-0.09926699846982956,"y":0.17026974260807038,"z":-0.016677452251315118,"w":-0.9804034233093262},"size":8.112997055053711,"orthographic":false}