{"cameraMode":{"drawMode":0,"name":"Shaded","section":"Shading Mode"},"sceneLighting":false,"audioPlay":false,"sceneViewState":{"m_AlwaysRefresh":false,"showFog":true,"showSkybox":false,"showFlares":true,"showImageEffects":true,"showParticleSystems":true,"showVisualEffectGraphs":true,"m_FxEnabled":true},"in2DMode":false,"pivot":{"x":0.008932799100875855,"y":0.36373192071914675,"z":-0.00033015012741088867},"rotation":{"x":-0.23834694921970368,"y":-0.0938447043299675,"z":0.02360854484140873,"w":-0.9665724635124207},"size":5.796638011932373,"orthographic":false}