{"cameraMode":{"drawMode":0,"name":"Shaded","section":"Shading Mode"},"sceneLighting":true,"audioPlay":false,"sceneViewState":{"m_AlwaysRefresh":false,"showFog":true,"showSkybox":true,"showFlares":true,"showImageEffects":true,"showParticleSystems":true,"showVisualEffectGraphs":true,"m_FxEnabled":true},"in2DMode":false,"pivot":{"x":8.434494972229004,"y":2.1757147312164308,"z":-16.652048110961915},"rotation":{"x":-0.24073153734207154,"y":0.49035191535949709,"z":-0.14302729070186616,"w":-0.8253175020217896},"size":2.273259401321411,"orthographic":false}