{"cameraMode":{"drawMode":0,"name":"Shaded","section":"Shading Mode"},"sceneLighting":true,"audioPlay":false,"sceneViewState":{"m_AlwaysRefresh":false,"showFog":true,"showSkybox":true,"showFlares":true,"showImageEffects":true,"showParticleSystems":true,"showVisualEffectGraphs":true,"m_FxEnabled":true},"in2DMode":false,"pivot":{"x":16.220561981201173,"y":1.6829676628112794,"z":-16.130504608154298},"rotation":{"x":0.07551435381174088,"y":0.2918287515640259,"z":-0.02569897472858429,"w":0.9531863331794739},"size":11.697511672973633,"orthographic":false}